region_grouping,arid_grassland,humid_grassland,temperate_grassland,mean_grassland,arid_mixed,humid_mixed,temperate_mixed,mean_mixed
EU 27,0.059,0.06,0.061,0.06,0.06,0.061,0.061,0.060666667
OECD Europe,0.058,0.059,0.06,0.059,0.059,0.06,0.06,0.059666667
United States,0.068,0.069,0.071,0.069333333,0.069,0.071,0.071,0.070333333
Canada,0.068,0.069,0.071,0.069333333,0.069,0.071,0.071,0.070333333
Australia,0.094,0.095,0.098,0.095666667,0.095,0.098,0.098,0.097
Japan,0.064,0.065,0.067,0.065333333,0.065,0.067,0.067,0.066333333
South Korea,0.066,0.067,0.068,0.067,0.067,0.068,0.068,0.067666667
New Zealand,0.066,0.067,0.068,0.067,0.067,0.068,0.068,0.067666667
Developing countries,0.02,0.02,0.02,0.02,0.027,0.027,0.027,0.027