"","origin","prop_final","percent_final"
"1","freshwater",0.00161247457717955,0.16
"2","land",0.899221330709876,89.92
"3","marine",0.0991661947129441,9.92
