livestock	term	estimate	std.error	statistic	p.value
backyard_chickens	(Intercept)	2.0664906561548125e-4	6.791365898475875e-5	3.042820379650839	0.20214132544101068
backyard_chickens	poly(temperature, 2, raw = TRUE)1	-1.3354641258562296e-5	6.603964653243909e-6	-2.022215738541606	0.29236357208475117
backyard_chickens	poly(temperature, 2, raw = TRUE)2	4.935402717398255e-7	1.3700982984455278e-7	3.6022252731777082	0.17238870095349018
