pressure,global_total
ghg,6344597459.095044
nutrient,140297444.54508156
disturbance,17484423.169983435
water,1389901245020.5745
