"origin","cum_pressure_prop_final","percent_final"
"freshwater",0.00161247457717955,0.16
"land",0.899221330709876,89.92
"marine",0.0991661947129441,9.92
