pressure,global_total
ghg,6480794761.861224
nutrient,143686156.7493847
disturbance,14638136.133806154
water,10048617266436.633
